{
    "Repository Name": "trekhleb/javascript-algorithms",
    "points": [
        {
            "contributor": "Others",
            "count": 178
        },
        {
            "contributor": "Oleksii Trekhleb",
            "count": 758
        },
        {
            "contributor": "m-maksyutin",
            "count": 9
        },
        {
            "contributor": "Kevin Brewer",
            "count": 6
        },
        {
            "contributor": "Stulov Alex",
            "count": 11
        }
    ]
}