{
    "repo": "trekhleb/javascript-algorithms",
    "size": 274,
    "all issues": {
        "0": {
            "start": "2018-05-23"
        },
        "1": {
            "start": "2018-05-24"
        },
        "2": {
            "start": "2018-06-02"
        },
        "3": {
            "start": "2018-06-14"
        },
        "4": {
            "start": "2018-07-03"
        },
        "5": {
            "start": "2018-07-29"
        },
        "6": {
            "start": "2018-07-31"
        },
        "7": {
            "start": "2018-08-03"
        },
        "8": {
            "start": "2018-08-10"
        },
        "9": {
            "start": "2018-08-10"
        },
        "10": {
            "start": "2018-08-11"
        },
        "11": {
            "start": "2018-08-15"
        },
        "12": {
            "start": "2018-08-27"
        },
        "13": {
            "start": "2018-08-28"
        },
        "14": {
            "start": "2018-09-02"
        },
        "15": {
            "start": "2018-09-03"
        },
        "16": {
            "start": "2018-09-04"
        },
        "17": {
            "start": "2018-09-04"
        },
        "18": {
            "start": "2018-09-11"
        },
        "19": {
            "start": "2018-09-19"
        },
        "20": {
            "start": "2018-09-19"
        },
        "21": {
            "start": "2018-09-23"
        },
        "22": {
            "start": "2018-09-27"
        },
        "23": {
            "start": "2018-09-29"
        },
        "24": {
            "start": "2018-10-01"
        },
        "25": {
            "start": "2018-10-10"
        },
        "26": {
            "start": "2018-10-16"
        },
        "27": {
            "start": "2018-10-21"
        },
        "28": {
            "start": "2018-10-22"
        },
        "29": {
            "start": "2018-10-25"
        },
        "30": {
            "start": "2018-10-27"
        },
        "31": {
            "start": "2018-10-27"
        },
        "32": {
            "start": "2018-10-29"
        },
        "33": {
            "start": "2018-11-13"
        },
        "34": {
            "start": "2018-11-16"
        },
        "35": {
            "start": "2018-11-23"
        },
        "36": {
            "start": "2018-12-07"
        },
        "37": {
            "start": "2018-12-07"
        },
        "38": {
            "start": "2018-12-08"
        },
        "39": {
            "start": "2018-12-08"
        },
        "40": {
            "start": "2018-12-09"
        },
        "41": {
            "start": "2018-12-12"
        },
        "42": {
            "start": "2018-12-15"
        },
        "43": {
            "start": "2018-12-15"
        },
        "44": {
            "start": "2018-12-21"
        },
        "45": {
            "start": "2018-12-22"
        },
        "46": {
            "start": "2018-12-29"
        },
        "47": {
            "start": "2018-12-30"
        },
        "48": {
            "start": "2019-01-08"
        },
        "49": {
            "start": "2019-01-09"
        },
        "50": {
            "start": "2019-01-18"
        },
        "51": {
            "start": "2019-01-19"
        },
        "52": {
            "start": "2019-01-25"
        },
        "53": {
            "start": "2019-02-06"
        },
        "54": {
            "start": "2019-02-08"
        },
        "55": {
            "start": "2019-02-12"
        },
        "56": {
            "start": "2019-02-14"
        },
        "57": {
            "start": "2019-02-14"
        },
        "58": {
            "start": "2019-02-14"
        },
        "59": {
            "start": "2019-02-15"
        },
        "60": {
            "start": "2019-02-15"
        },
        "61": {
            "start": "2019-02-16"
        },
        "62": {
            "start": "2019-02-19"
        },
        "63": {
            "start": "2019-03-13"
        },
        "64": {
            "start": "2019-03-14"
        },
        "65": {
            "start": "2019-03-20"
        },
        "66": {
            "start": "2019-04-15"
        },
        "67": {
            "start": "2019-04-15"
        },
        "68": {
            "start": "2019-04-17"
        },
        "69": {
            "start": "2019-04-23"
        },
        "70": {
            "start": "2019-04-24"
        },
        "71": {
            "start": "2019-04-25"
        },
        "72": {
            "start": "2019-04-25"
        },
        "73": {
            "start": "2019-05-16"
        },
        "74": {
            "start": "2019-05-26"
        },
        "75": {
            "start": "2019-06-01"
        },
        "76": {
            "start": "2019-06-07"
        },
        "77": {
            "start": "2019-06-08"
        },
        "78": {
            "start": "2019-06-22"
        },
        "79": {
            "start": "2019-06-22"
        },
        "80": {
            "start": "2019-06-24"
        },
        "81": {
            "start": "2019-06-24"
        },
        "82": {
            "start": "2019-06-25"
        },
        "83": {
            "start": "2019-06-25"
        },
        "84": {
            "start": "2019-07-01"
        },
        "85": {
            "start": "2019-07-08"
        },
        "86": {
            "start": "2019-07-17"
        },
        "87": {
            "start": "2019-07-19"
        },
        "88": {
            "start": "2019-07-31"
        },
        "89": {
            "start": "2019-08-05"
        },
        "90": {
            "start": "2019-08-07"
        },
        "91": {
            "start": "2019-08-09"
        },
        "92": {
            "start": "2019-08-19"
        },
        "93": {
            "start": "2019-08-23"
        },
        "94": {
            "start": "2019-08-25"
        },
        "95": {
            "start": "2019-08-26"
        },
        "96": {
            "start": "2019-08-30"
        },
        "97": {
            "start": "2019-09-07"
        },
        "98": {
            "start": "2019-09-10"
        },
        "99": {
            "start": "2019-09-16"
        },
        "100": {
            "start": "2019-09-25"
        },
        "101": {
            "start": "2019-10-03"
        },
        "102": {
            "start": "2019-10-05"
        },
        "103": {
            "start": "2019-10-05"
        },
        "104": {
            "start": "2019-10-07"
        },
        "105": {
            "start": "2019-10-08"
        },
        "106": {
            "start": "2019-10-10"
        },
        "107": {
            "start": "2019-10-16"
        },
        "108": {
            "start": "2019-10-16"
        },
        "109": {
            "start": "2019-10-17"
        },
        "110": {
            "start": "2019-10-20"
        },
        "111": {
            "start": "2019-10-21"
        },
        "112": {
            "start": "2019-10-21"
        },
        "113": {
            "start": "2019-10-21"
        },
        "114": {
            "start": "2019-10-23"
        },
        "115": {
            "start": "2019-10-23"
        },
        "116": {
            "start": "2019-10-24"
        },
        "117": {
            "start": "2019-10-25"
        },
        "118": {
            "start": "2019-10-26"
        },
        "119": {
            "start": "2019-10-31"
        },
        "120": {
            "start": "2019-11-03"
        },
        "121": {
            "start": "2019-11-15"
        },
        "122": {
            "start": "2019-11-22"
        },
        "123": {
            "start": "2019-11-22"
        },
        "124": {
            "start": "2019-12-10"
        },
        "125": {
            "start": "2019-12-12"
        },
        "126": {
            "start": "2019-12-14"
        },
        "127": {
            "start": "2019-12-18"
        },
        "128": {
            "start": "2020-01-02"
        },
        "129": {
            "start": "2020-01-17"
        },
        "130": {
            "start": "2020-01-24"
        },
        "131": {
            "start": "2020-01-30"
        },
        "132": {
            "start": "2020-02-07"
        },
        "133": {
            "start": "2020-03-07"
        },
        "134": {
            "start": "2020-03-25"
        },
        "135": {
            "start": "2020-03-31"
        },
        "136": {
            "start": "2020-04-15"
        },
        "137": {
            "start": "2020-05-02"
        },
        "138": {
            "start": "2020-05-02"
        },
        "139": {
            "start": "2020-05-14"
        },
        "140": {
            "start": "2020-05-26"
        },
        "141": {
            "start": "2020-06-03"
        },
        "142": {
            "start": "2020-07-01"
        },
        "143": {
            "start": "2020-08-01"
        },
        "144": {
            "start": "2020-08-01"
        },
        "145": {
            "start": "2020-08-11"
        },
        "146": {
            "start": "2020-08-20"
        },
        "147": {
            "start": "2020-09-07"
        },
        "148": {
            "start": "2020-09-20"
        },
        "149": {
            "start": "2020-09-22"
        },
        "150": {
            "start": "2020-09-22"
        },
        "151": {
            "start": "2020-09-24"
        },
        "152": {
            "start": "2020-10-01"
        },
        "153": {
            "start": "2020-10-01"
        },
        "154": {
            "start": "2020-10-01"
        },
        "155": {
            "start": "2020-10-02"
        },
        "156": {
            "start": "2020-10-03"
        },
        "157": {
            "start": "2020-10-07"
        },
        "158": {
            "start": "2020-10-11"
        },
        "159": {
            "start": "2020-10-17"
        },
        "160": {
            "start": "2020-10-17"
        },
        "161": {
            "start": "2020-10-17"
        },
        "162": {
            "start": "2020-10-17"
        },
        "163": {
            "start": "2020-10-17"
        },
        "164": {
            "start": "2020-12-02"
        },
        "165": {
            "start": "2020-12-12"
        },
        "166": {
            "start": "2020-12-15"
        },
        "167": {
            "start": "2020-12-15"
        },
        "168": {
            "start": "2020-12-16"
        },
        "169": {
            "start": "2020-12-18"
        },
        "170": {
            "start": "2020-12-20"
        },
        "171": {
            "start": "2020-12-21"
        },
        "172": {
            "start": "2020-12-21"
        },
        "173": {
            "start": "2020-12-21"
        },
        "174": {
            "start": "2020-12-22"
        },
        "175": {
            "start": "2020-12-28"
        },
        "176": {
            "start": "2020-12-31"
        },
        "177": {
            "start": "2020-12-31"
        },
        "178": {
            "start": "2021-01-16"
        },
        "179": {
            "start": "2021-01-25"
        },
        "180": {
            "start": "2021-01-27"
        },
        "181": {
            "start": "2021-01-30"
        },
        "182": {
            "start": "2021-01-31"
        },
        "183": {
            "start": "2021-02-02"
        },
        "184": {
            "start": "2021-02-05"
        },
        "185": {
            "start": "2021-02-08"
        },
        "186": {
            "start": "2021-02-10"
        },
        "187": {
            "start": "2021-02-13"
        },
        "188": {
            "start": "2021-02-14"
        },
        "189": {
            "start": "2021-02-16"
        },
        "190": {
            "start": "2021-02-20"
        },
        "191": {
            "start": "2021-02-20"
        },
        "192": {
            "start": "2021-02-21"
        },
        "193": {
            "start": "2021-02-24"
        },
        "194": {
            "start": "2021-02-24"
        },
        "195": {
            "start": "2021-03-04"
        },
        "196": {
            "start": "2021-03-07"
        },
        "197": {
            "start": "2021-03-08"
        },
        "198": {
            "start": "2021-03-09"
        },
        "199": {
            "start": "2021-03-09"
        },
        "200": {
            "start": "2021-03-15"
        },
        "201": {
            "start": "2021-03-19"
        },
        "202": {
            "start": "2021-03-23"
        },
        "203": {
            "start": "2021-03-29"
        },
        "204": {
            "start": "2021-03-30"
        },
        "205": {
            "start": "2021-04-04"
        },
        "206": {
            "start": "2021-04-06"
        },
        "207": {
            "start": "2021-04-09"
        },
        "208": {
            "start": "2021-04-11"
        },
        "209": {
            "start": "2021-04-16"
        },
        "210": {
            "start": "2021-04-17"
        },
        "211": {
            "start": "2021-04-27"
        },
        "212": {
            "start": "2021-04-28"
        },
        "213": {
            "start": "2021-04-28"
        },
        "214": {
            "start": "2021-05-16"
        },
        "215": {
            "start": "2021-05-17"
        },
        "216": {
            "start": "2021-05-22"
        },
        "217": {
            "start": "2021-05-24"
        },
        "218": {
            "start": "2021-05-26"
        },
        "219": {
            "start": "2021-06-07"
        },
        "220": {
            "start": "2021-06-19"
        },
        "221": {
            "start": "2021-06-19"
        },
        "222": {
            "start": "2021-06-20"
        },
        "223": {
            "start": "2021-06-23"
        },
        "224": {
            "start": "2021-06-27"
        },
        "225": {
            "start": "2021-07-13"
        },
        "226": {
            "start": "2021-07-14"
        },
        "227": {
            "start": "2021-07-16"
        },
        "228": {
            "start": "2021-07-17"
        },
        "229": {
            "start": "2021-07-25"
        },
        "230": {
            "start": "2021-08-04"
        },
        "231": {
            "start": "2021-08-06"
        },
        "232": {
            "start": "2021-08-16"
        },
        "233": {
            "start": "2021-08-28"
        },
        "234": {
            "start": "2021-08-30"
        },
        "235": {
            "start": "2021-08-30"
        },
        "236": {
            "start": "2021-08-31"
        },
        "237": {
            "start": "2021-09-14"
        },
        "238": {
            "start": "2021-09-16"
        },
        "239": {
            "start": "2021-09-16"
        },
        "240": {
            "start": "2021-09-20"
        },
        "241": {
            "start": "2021-09-21"
        },
        "242": {
            "start": "2021-09-24"
        },
        "243": {
            "start": "2021-09-29"
        },
        "244": {
            "start": "2021-10-01"
        },
        "245": {
            "start": "2021-10-04"
        },
        "246": {
            "start": "2021-10-05"
        },
        "247": {
            "start": "2021-10-09"
        },
        "248": {
            "start": "2021-10-10"
        },
        "249": {
            "start": "2021-10-12"
        },
        "250": {
            "start": "2021-10-13"
        },
        "251": {
            "start": "2021-10-14"
        },
        "252": {
            "start": "2021-10-17"
        },
        "253": {
            "start": "2021-10-30"
        },
        "254": {
            "start": "2021-11-01"
        },
        "255": {
            "start": "2021-11-30"
        },
        "256": {
            "start": "2021-11-30"
        },
        "257": {
            "start": "2021-12-04"
        },
        "258": {
            "start": "2021-12-04"
        },
        "259": {
            "start": "2021-12-05"
        },
        "260": {
            "start": "2021-12-06"
        },
        "261": {
            "start": "2021-12-07"
        },
        "262": {
            "start": "2021-12-09"
        },
        "263": {
            "start": "2021-12-12"
        },
        "264": {
            "start": "2021-12-12"
        },
        "265": {
            "start": "2021-12-12"
        },
        "266": {
            "start": "2021-12-13"
        },
        "267": {
            "start": "2021-12-15"
        },
        "268": {
            "start": "2021-12-23"
        },
        "269": {
            "start": "2021-12-29"
        },
        "270": {
            "start": "2021-12-29"
        },
        "271": {
            "start": "2021-12-30"
        },
        "272": {
            "start": "2021-12-31"
        },
        "273": {
            "start": "2022-01-02"
        }
    },
    "closed issues": {
        "0": {
            "end": "2021-08-12"
        },
        "1": {
            "end": "2021-08-14"
        },
        "2": {
            "end": "2021-09-17"
        },
        "3": {
            "end": "2021-08-27"
        },
        "4": {
            "end": "2021-08-27"
        },
        "5": {
            "end": "2021-08-27"
        },
        "6": {
            "end": "2021-08-28"
        },
        "7": {
            "end": "2021-09-16"
        },
        "8": {
            "end": "2021-09-09"
        },
        "9": {
            "end": "2021-09-17"
        },
        "10": {
            "end": "2021-09-17"
        },
        "11": {
            "end": "2021-09-17"
        },
        "12": {
            "end": "2021-10-18"
        },
        "13": {
            "end": "2021-10-18"
        },
        "14": {
            "end": "2021-10-18"
        },
        "15": {
            "end": "2021-10-01"
        },
        "16": {
            "end": "2021-10-18"
        },
        "17": {
            "end": "2021-10-18"
        },
        "18": {
            "end": "2021-11-13"
        },
        "19": {
            "end": "2021-10-22"
        },
        "20": {
            "end": "2021-10-22"
        },
        "21": {
            "end": "2021-10-24"
        },
        "22": {
            "end": "2021-10-24"
        },
        "23": {
            "end": "2021-11-10"
        },
        "24": {
            "end": "2021-11-10"
        },
        "25": {
            "end": "2021-11-10"
        },
        "26": {
            "end": "2021-12-10"
        },
        "27": {
            "end": "2021-12-27"
        },
        "28": {
            "end": "2021-12-28"
        },
        "29": {
            "end": "2021-12-30"
        }
    }
}