{
    "Repository Name": "trekhleb/javascript-algorithms",
    "Minium cut off for commits": 2.5,
    "points": [
        {
            "contributor": "others",
            "count": 0
        },
        {
            "contributor": "Peter Shershov",
            "count": 2
        },
        {
            "contributor": "redfast00",
            "count": 1
        },
        {
            "contributor": "\u741a\u81f4\u8fdc",
            "count": 1
        },
        {
            "contributor": "Brian Reinhart",
            "count": 1
        },
        {
            "contributor": "Albert Still",
            "count": 5
        },
        {
            "contributor": "Tom\u00e1\u0161 H\u00fcbelbauer",
            "count": 1
        },
        {
            "contributor": "Kevin",
            "count": 2
        },
        {
            "contributor": "ak4522912",
            "count": 1
        },
        {
            "contributor": "Federico Bozzini",
            "count": 1
        },
        {
            "contributor": "Robert Taussig",
            "count": 2
        },
        {
            "contributor": "Cyril Auburtin",
            "count": 1
        },
        {
            "contributor": "Shlomi Fish",
            "count": 1
        },
        {
            "contributor": "Oliver Hepworth-Bell",
            "count": 1
        },
        {
            "contributor": "Juan Pablo Valencia",
            "count": 3
        },
        {
            "contributor": "Vignesh Manoharan",
            "count": 1
        },
        {
            "contributor": "Christopher Samuel",
            "count": 1
        },
        {
            "contributor": "DanielChen",
            "count": 1
        },
        {
            "contributor": "Tien Do",
            "count": 2
        },
        {
            "contributor": "mantou",
            "count": 1
        },
        {
            "contributor": "Felix Rilling",
            "count": 1
        },
        {
            "contributor": "Matt Mapplebeck",
            "count": 1
        },
        {
            "contributor": "Sina Sharafzadeh",
            "count": 1
        },
        {
            "contributor": "hariv",
            "count": 1
        },
        {
            "contributor": "Nnadozie Okeke",
            "count": 1
        },
        {
            "contributor": "Amjad Ali",
            "count": 1
        },
        {
            "contributor": "arnav-aggarwal",
            "count": 1
        },
        {
            "contributor": "Bruce-Feldman",
            "count": 2
        },
        {
            "contributor": "Huzaima Khan",
            "count": 1
        },
        {
            "contributor": "Correy Lim",
            "count": 1
        },
        {
            "contributor": "vivaxy",
            "count": 1
        },
        {
            "contributor": "Nicolas DUBIEN",
            "count": 2
        },
        {
            "contributor": "liushuang",
            "count": 1
        },
        {
            "contributor": "YeonJuan",
            "count": 2
        },
        {
            "contributor": "pavelekpl",
            "count": 1
        },
        {
            "contributor": "Roland",
            "count": 1
        },
        {
            "contributor": "Keoni Garner",
            "count": 1
        },
        {
            "contributor": "Kim Jong Hyen",
            "count": 1
        },
        {
            "contributor": "seIncorp",
            "count": 1
        },
        {
            "contributor": "Simon",
            "count": 1
        },
        {
            "contributor": "Diego Paiva",
            "count": 1
        },
        {
            "contributor": "Oz Weiss",
            "count": 1
        },
        {
            "contributor": "yobrave",
            "count": 1
        },
        {
            "contributor": "Agustin Navcevich",
            "count": 2
        },
        {
            "contributor": "Ujjwal Aryal",
            "count": 2
        },
        {
            "contributor": "\u00c9dipo Nascimento",
            "count": 1
        },
        {
            "contributor": "Tapasweni Pathak",
            "count": 3
        },
        {
            "contributor": "Moshe",
            "count": 5
        },
        {
            "contributor": "Prateek Karnal",
            "count": 1
        },
        {
            "contributor": "Oleksii Kersov",
            "count": 2
        },
        {
            "contributor": "Matej Jellus",
            "count": 1
        },
        {
            "contributor": "Oleg",
            "count": 1
        },
        {
            "contributor": "Mahmoud Aslan",
            "count": 1
        },
        {
            "contributor": "Klaus Sinani",
            "count": 1
        },
        {
            "contributor": "DADDOU Mohamed El Amine",
            "count": 1
        },
        {
            "contributor": "Jack Lee",
            "count": 1
        },
        {
            "contributor": "Hanh D. TRAN",
            "count": 2
        },
        {
            "contributor": "HatimLokhandwala",
            "count": 1
        },
        {
            "contributor": "Vinicius",
            "count": 1
        },
        {
            "contributor": "ADITYA",
            "count": 2
        },
        {
            "contributor": "Karlo Vrbi\u0107",
            "count": 1
        },
        {
            "contributor": "mcdong",
            "count": 1
        },
        {
            "contributor": "Vamshi Bachaneboina",
            "count": 1
        },
        {
            "contributor": "Ocn",
            "count": 1
        },
        {
            "contributor": "Yavorski",
            "count": 2
        },
        {
            "contributor": "Hafidz Jazuli Luthfi",
            "count": 1
        },
        {
            "contributor": "kiinlam",
            "count": 1
        },
        {
            "contributor": "Sid",
            "count": 1
        },
        {
            "contributor": "catchme",
            "count": 1
        },
        {
            "contributor": "Silence Tang",
            "count": 1
        },
        {
            "contributor": "Sylvester-ABC",
            "count": 1
        },
        {
            "contributor": "Henry",
            "count": 1
        },
        {
            "contributor": "RequireSun",
            "count": 3
        },
        {
            "contributor": "YuqiangZhang",
            "count": 1
        },
        {
            "contributor": "Minki-Kim",
            "count": 2
        },
        {
            "contributor": "Whales",
            "count": 1
        },
        {
            "contributor": "KeiSei",
            "count": 1
        },
        {
            "contributor": "rugamaga",
            "count": 1
        },
        {
            "contributor": "Masato Ohba",
            "count": 1
        },
        {
            "contributor": "Cloudyan",
            "count": 1
        },
        {
            "contributor": "haalogen",
            "count": 1
        },
        {
            "contributor": "oimo23",
            "count": 1
        },
        {
            "contributor": "Nilton Lopes",
            "count": 3
        },
        {
            "contributor": "lisq",
            "count": 1
        },
        {
            "contributor": "linghuam",
            "count": 1
        },
        {
            "contributor": "Omar Kalouti",
            "count": 1
        },
        {
            "contributor": "Sergii Tkachenko",
            "count": 1
        },
        {
            "contributor": "matsuge",
            "count": 1
        },
        {
            "contributor": "arnold",
            "count": 1
        },
        {
            "contributor": "nirvanarsc",
            "count": 1
        },
        {
            "contributor": "Marcos Gon\u00e7alves",
            "count": 1
        },
        {
            "contributor": "Yong Yang",
            "count": 1
        },
        {
            "contributor": "Marcelo-Rodrigues",
            "count": 1
        },
        {
            "contributor": "Thiago Alberto da Silva",
            "count": 1
        },
        {
            "contributor": "solomon-han",
            "count": 1
        },
        {
            "contributor": "Suraj Jadhav",
            "count": 1
        },
        {
            "contributor": "vladimirschneider",
            "count": 2
        },
        {
            "contributor": "Chao Zhang",
            "count": 1
        },
        {
            "contributor": "gifted-s",
            "count": 1
        },
        {
            "contributor": "Boardens",
            "count": 1
        },
        {
            "contributor": "Ly",
            "count": 2
        },
        {
            "contributor": "Oleg Khobotov",
            "count": 1
        },
        {
            "contributor": "Alexey Onikov",
            "count": 1
        },
        {
            "contributor": "Louis Aeilot",
            "count": 1
        },
        {
            "contributor": "Lo\u00efc TRUCHOT",
            "count": 1
        },
        {
            "contributor": "Aykut",
            "count": 1
        },
        {
            "contributor": "Austin Theriot",
            "count": 2
        },
        {
            "contributor": "Matheus Bonavite dos Reis Cardoso",
            "count": 1
        },
        {
            "contributor": "Rodrigo Stuani",
            "count": 1
        },
        {
            "contributor": "Brian Tomlin",
            "count": 1
        },
        {
            "contributor": "Xiaoming Fu",
            "count": 1
        },
        {
            "contributor": "Kirill Kazakov",
            "count": 1
        },
        {
            "contributor": "Riccardo Amadio",
            "count": 1
        },
        {
            "contributor": "deepthan",
            "count": 1
        },
        {
            "contributor": "Anmol Gomra",
            "count": 1
        },
        {
            "contributor": "Hanseung Yoo",
            "count": 1
        },
        {
            "contributor": "Donghoon Song",
            "count": 1
        },
        {
            "contributor": "Eugene Sinitsyn",
            "count": 1
        },
        {
            "contributor": "JD Medina",
            "count": 1
        },
        {
            "contributor": "bhaltair",
            "count": 1
        },
        {
            "contributor": "Jos\u00e9 Vin\u00edcius Lacerda de Arruda",
            "count": 1
        },
        {
            "contributor": "Avi Agrawal",
            "count": 2
        },
        {
            "contributor": "Sherlyn",
            "count": 1
        },
        {
            "contributor": "Oleg Maslov",
            "count": 1
        },
        {
            "contributor": "Askhat Arslanov",
            "count": 1
        },
        {
            "contributor": "lvzhenbang",
            "count": 1
        },
        {
            "contributor": "Alexander Belov",
            "count": 1
        },
        {
            "contributor": "Luan Caldas",
            "count": 1
        },
        {
            "contributor": "Adjie Djaka Permana",
            "count": 1
        },
        {
            "contributor": "Jo\u00e3o Pedro Raskopf",
            "count": 1
        },
        {
            "contributor": "Sagid M",
            "count": 1
        },
        {
            "contributor": "Andy Chen",
            "count": 1
        },
        {
            "contributor": "Brandon Villa",
            "count": 1
        },
        {
            "contributor": "Go",
            "count": 1
        },
        {
            "contributor": "Yura Sherman",
            "count": 1
        },
        {
            "contributor": "Javier Savi\u00f1on",
            "count": 1
        },
        {
            "contributor": "dependabot[bot]",
            "count": 1
        },
        {
            "contributor": "Yanina Trekhleb",
            "count": 1
        },
        {
            "contributor": "Abdessamad Bensaad",
            "count": 1
        },
        {
            "contributor": "\u8463\u51ef",
            "count": 1
        },
        {
            "contributor": "Coco Guerra",
            "count": 1
        },
        {
            "contributor": "Deniz Binay",
            "count": 1
        },
        {
            "contributor": "justforever",
            "count": 1
        },
        {
            "contributor": "Freivin Campbell",
            "count": 1
        },
        {
            "contributor": "CodingInvoker",
            "count": 1
        }
    ]
}