{
    "Repository Name": "trekhleb/javascript-algorithms",
    "Commit months": 44,
    "Issue months": 0,
    "TotalCommits": 962,
    "avgCommitRate": 5.295454545454546,
    "points": [
        {
            "Date": "2018-03",
            "Commit Count": 11.0,
            "Commit Rate": 11.0,
            "Total Issue Count": 0,
            "Issues opened": 0,
            "Issues closed": 0
        },
        {
            "Date": "2018-04",
            "Commit Count": 47.25,
            "Commit Rate": 47.25,
            "Total Issue Count": 0,
            "Issues opened": 0,
            "Issues closed": 0
        },
        {
            "Date": "2018-05",
            "Commit Count": 36.75,
            "Commit Rate": 36.75,
            "Total Issue Count": 2,
            "Issues opened": 2,
            "Issues closed": 0
        },
        {
            "Date": "2018-06",
            "Commit Count": 25.75,
            "Commit Rate": 25.75,
            "Total Issue Count": 1,
            "Issues opened": 1,
            "Issues closed": 2
        },
        {
            "Date": "2018-07",
            "Commit Count": 19.25,
            "Commit Rate": 19.25,
            "Total Issue Count": 2,
            "Issues opened": 2,
            "Issues closed": 2
        },
        {
            "Date": "2018-08",
            "Commit Count": 25.25,
            "Commit Rate": 25.25,
            "Total Issue Count": 6,
            "Issues opened": 6,
            "Issues closed": 2
        },
        {
            "Date": "2018-09",
            "Commit Count": 8.75,
            "Commit Rate": 8.75,
            "Total Issue Count": 9,
            "Issues opened": 9,
            "Issues closed": 2
        },
        {
            "Date": "2018-10",
            "Commit Count": 2.0,
            "Commit Rate": 2.0,
            "Total Issue Count": 8,
            "Issues opened": 8,
            "Issues closed": 2
        },
        {
            "Date": "2018-11",
            "Commit Count": 1.5,
            "Commit Rate": 1.5,
            "Total Issue Count": 2,
            "Issues opened": 2,
            "Issues closed": 0
        },
        {
            "Date": "2018-12",
            "Commit Count": 6.5,
            "Commit Rate": 6.5,
            "Total Issue Count": 11,
            "Issues opened": 11,
            "Issues closed": 0
        },
        {
            "Date": "2019-01",
            "Commit Count": 0.25,
            "Commit Rate": 0.25,
            "Total Issue Count": 4,
            "Issues opened": 4,
            "Issues closed": 0
        },
        {
            "Date": "2019-02",
            "Commit Count": 0.5,
            "Commit Rate": 0.5,
            "Total Issue Count": 9,
            "Issues opened": 9,
            "Issues closed": 0
        },
        {
            "Date": "2019-03",
            "Commit Count": 6.25,
            "Commit Rate": 6.25,
            "Total Issue Count": 2,
            "Issues opened": 2,
            "Issues closed": 0
        },
        {
            "Date": "2019-04",
            "Commit Count": 2.75,
            "Commit Rate": 2.75,
            "Total Issue Count": 6,
            "Issues opened": 6,
            "Issues closed": 0
        },
        {
            "Date": "2019-05",
            "Commit Count": 0,
            "Commit Rate": 0,
            "Total Issue Count": 1,
            "Issues opened": 1,
            "Issues closed": 0
        },
        {
            "Date": "2019-06",
            "Commit Count": 0.0,
            "Commit Rate": 0.0,
            "Total Issue Count": 8,
            "Issues opened": 8,
            "Issues closed": 0
        },
        {
            "Date": "2019-07",
            "Commit Count": 0,
            "Commit Rate": 0,
            "Total Issue Count": 4,
            "Issues opened": 4,
            "Issues closed": 0
        },
        {
            "Date": "2019-08",
            "Commit Count": 0,
            "Commit Rate": 0,
            "Total Issue Count": 7,
            "Issues opened": 7,
            "Issues closed": 0
        },
        {
            "Date": "2019-09",
            "Commit Count": 0,
            "Commit Rate": 0,
            "Total Issue Count": 3,
            "Issues opened": 3,
            "Issues closed": 0
        },
        {
            "Date": "2019-10",
            "Commit Count": 0,
            "Commit Rate": 0,
            "Total Issue Count": 18,
            "Issues opened": 18,
            "Issues closed": 0
        },
        {
            "Date": "2019-11",
            "Commit Count": 0,
            "Commit Rate": 0,
            "Total Issue Count": 3,
            "Issues opened": 3,
            "Issues closed": 0
        },
        {
            "Date": "2019-12",
            "Commit Count": 0.0,
            "Commit Rate": 0.0,
            "Total Issue Count": 3,
            "Issues opened": 3,
            "Issues closed": 0
        },
        {
            "Date": "2020-01",
            "Commit Count": 0,
            "Commit Rate": 0,
            "Total Issue Count": 3,
            "Issues opened": 3,
            "Issues closed": 0
        },
        {
            "Date": "2020-02",
            "Commit Count": 0,
            "Commit Rate": 0,
            "Total Issue Count": 0,
            "Issues opened": 0,
            "Issues closed": 0
        },
        {
            "Date": "2020-03",
            "Commit Count": 0,
            "Commit Rate": 0,
            "Total Issue Count": 2,
            "Issues opened": 2,
            "Issues closed": 0
        },
        {
            "Date": "2020-04",
            "Commit Count": 0,
            "Commit Rate": 0,
            "Total Issue Count": 0,
            "Issues opened": 0,
            "Issues closed": 0
        },
        {
            "Date": "2020-05",
            "Commit Count": 0,
            "Commit Rate": 0,
            "Total Issue Count": 3,
            "Issues opened": 3,
            "Issues closed": 0
        },
        {
            "Date": "2020-06",
            "Commit Count": 0,
            "Commit Rate": 0,
            "Total Issue Count": 0,
            "Issues opened": 0,
            "Issues closed": 0
        },
        {
            "Date": "2020-07",
            "Commit Count": 5.25,
            "Commit Rate": 5.25,
            "Total Issue Count": 0,
            "Issues opened": 0,
            "Issues closed": 0
        },
        {
            "Date": "2020-08",
            "Commit Count": 2.5,
            "Commit Rate": 2.5,
            "Total Issue Count": 3,
            "Issues opened": 3,
            "Issues closed": 0
        },
        {
            "Date": "2020-09",
            "Commit Count": 0,
            "Commit Rate": 0,
            "Total Issue Count": 4,
            "Issues opened": 4,
            "Issues closed": 0
        },
        {
            "Date": "2020-10",
            "Commit Count": 0.25,
            "Commit Rate": 0.25,
            "Total Issue Count": 11,
            "Issues opened": 11,
            "Issues closed": 0
        },
        {
            "Date": "2020-11",
            "Commit Count": 0.75,
            "Commit Rate": 0.75,
            "Total Issue Count": 0,
            "Issues opened": 0,
            "Issues closed": 0
        },
        {
            "Date": "2020-12",
            "Commit Count": 24.0,
            "Commit Rate": 24.0,
            "Total Issue Count": 13,
            "Issues opened": 13,
            "Issues closed": 0
        },
        {
            "Date": "2021-01",
            "Commit Count": 1.5,
            "Commit Rate": 1.5,
            "Total Issue Count": 4,
            "Issues opened": 4,
            "Issues closed": 0
        },
        {
            "Date": "2021-02",
            "Commit Count": 0,
            "Commit Rate": 0,
            "Total Issue Count": 11,
            "Issues opened": 11,
            "Issues closed": 0
        },
        {
            "Date": "2021-03",
            "Commit Count": 0,
            "Commit Rate": 0,
            "Total Issue Count": 9,
            "Issues opened": 9,
            "Issues closed": 0
        },
        {
            "Date": "2021-04",
            "Commit Count": 1.75,
            "Commit Rate": 1.75,
            "Total Issue Count": 8,
            "Issues opened": 8,
            "Issues closed": 0
        },
        {
            "Date": "2021-05",
            "Commit Count": 2.25,
            "Commit Rate": 2.25,
            "Total Issue Count": 4,
            "Issues opened": 4,
            "Issues closed": 0
        },
        {
            "Date": "2021-06",
            "Commit Count": 0,
            "Commit Rate": 0,
            "Total Issue Count": 5,
            "Issues opened": 5,
            "Issues closed": 0
        },
        {
            "Date": "2021-07",
            "Commit Count": 1.0,
            "Commit Rate": 1.0,
            "Total Issue Count": 4,
            "Issues opened": 4,
            "Issues closed": 0
        },
        {
            "Date": "2021-08",
            "Commit Count": 0,
            "Commit Rate": 0,
            "Total Issue Count": 0,
            "Issues opened": 6,
            "Issues closed": 2
        },
        {
            "Date": "2021-09",
            "Commit Count": 0,
            "Commit Rate": 0,
            "Total Issue Count": 0,
            "Issues opened": 6,
            "Issues closed": 0
        },
        {
            "Date": "2021-10",
            "Commit Count": 0,
            "Commit Rate": 0,
            "Total Issue Count": 5,
            "Issues opened": 15,
            "Issues closed": 0
        }
    ],
    "Issue Months": 44
}